0,25.9784740660897,22.9793964572674
0.510999999998603,25.9784740660897,22.987495762495
1.05099999999948,25.9784740660897,22.987495762495
1.59100000000035,25.9730886994725,22.9820962321215
2.13100000000122,25.9757813859207,22.9658974863178
2.66100000000006,25.9757813859207,22.9766966759683
3.20100000000093,25.9784740660897,22.9847960005306
3.75099999999657,25.9730886994725,22.987495762495
4.28100000000268,25.9757813859207,22.9955950097212
4.82099999999627,25.9757813859207,23.0009944756508
5.36099999999715,25.9757813859207,23.0090936262168
5.90099999999802,25.9757813859207,23.0063939158052
6.44200000000274,25.9784740660897,23.00369419895
6.99199999999837,26.0161709291941,22.998294745908
7.53199999999924,26.1346387768141,23.0063939158052
8.10199999999895,26.1830993965162,23.0495885092657
8.65200000000186,26.2342500696597,23.0873824258774
9.19200000000274,26.2611705680502,23.0819833722113
9.73199999999633,26.2504024438677,23.0981804559421
10.2520000000004,26.2369421476903,23.1143773078882
10.7819999999992,26.2127132198559,23.1224756469521
11.3229999999967,26.1911759689991,23.1278745074754
11.8629999999976,26.1615615940891,23.1305739280818
12.4130000000005,26.1481002638263,23.1359727499849
12.9429999999993,26.1292541381152,23.1575677801539
13.4830000000002,26.1157924316221,23.1710644648619
14.0330000000031,26.1131000715089,23.1818616968079
14.5429999999978,26.1131000715089,23.2034558518864
15.0829999999987,26.1238694743319,23.2277487842579
15.6129999999976,26.2207895855266,23.2871293149925
16.1529999999984,26.9850974004363,23.3384099968743
16.6529999999984,27.6897530032649,23.3653988977356
17.1730000000025,28.4262287188275,23.3950859467602
17.7139999999999,29.229374763746,23.4274709321975
18.2540000000008,29.9300026521357,23.4463617467439
18.7739999999976,30.7267665010732,23.4598549931289
19.3139999999985,31.118246695273,23.4706494747051
19.8439999999973,31.421153808859,23.4922381298135
20.3839999999982,31.6677120090224,23.5111278661598
20.9040000000023,31.8740316472821,23.505730830712
21.4340000000011,32.1794270233231,23.5030323033646
22.0140000000029,32.4124399353835,23.5030323033646
22.5449999999983,32.6748604876754,23.5003337696012
23.0650000000023,32.955962304885,23.4949366828258
23.5950000000012,33.4965657861153,23.4895395703844
24.1549999999988,33.9433193201918,23.4787452685001
24.6549999999988,34.4808123671301,23.5030323033646
25.1449999999968,35.0982378541764,23.5111278661598
25.6949999999997,35.7527455482082,23.5138263742602
26.2350000000006,36.7752234318793,23.5111278661598
26.7750000000015,37.466189628186,23.5165248759452
27.2860000000001,38.1701038647731,23.5084293516439
27.8260000000009,39.065427698536,23.505730830712
28.3759999999966,40.3300645233403,23.4976352294216
28.9259999999995,41.2132391724186,23.5030323033646
29.4559999999983,42.2818185587208,23.505730830712
29.9959999999992,43.3017334762266,23.5165248759452
30.5360000000001,44.7346520272166,23.5246203425095
31.0760000000009,45.6122136973777,23.5111278661598
31.6169999999984,46.446821341972,23.5084293516439
32.1569999999992,47.2491468232383,23.5084293516439
32.6869999999981,48.4133962682505,23.4841424322763
33.226999999999,49.188131178236,23.4733480790542
33.747000000003,49.938653219334,23.4652522467533
34.2770000000019,50.6993313248846,23.4490604088588
34.8170000000027,51.8211035197343,23.4220734988335
35.3569999999963,52.5754870832017,23.4139773006332
35.9069999999992,53.3400117263579,23.4085798030622
36.4369999999981,54.1041268762253,23.3977847308639
36.976999999999,55.2653309991633,23.3896883592865
37.5169999999998,56.0521035497555,23.378893107271
38.0480000000025,56.8489692661318,23.3653988977356
38.5979999999981,57.6532866874201,23.3519045276096
39.148000000001,59.0014375958415,23.3492056343119
39.6779999999999,59.7802638216155,23.3519045276096
40.2079999999987,60.6354577602006,23.3519045276096
40.7580000000016,61.4954130870463,23.3519045276096
41.2980000000025,62.7477780638185,23.3546034144829
41.8379999999961,63.5856154393187,23.3519045276096
42.398000000001,64.4334680216746,23.360001168957
42.9479999999967,65.2573313958624,23.3734954427264
43.4989999999962,66.5361457736283,23.3761942782103
44.0290000000023,67.3328106116183,23.3734954427264
44.5789999999979,68.1055920777649,23.3707966008195
45.1189999999988,69.1720759022912,23.3653988977356
45.6589999999997,69.9205245894174,23.3653988977356
46.1889999999985,70.7188589519617,23.3734954427264
46.7589999999982,71.3721267832869,23.3950859467602
47.3000000000029,72.3981754943912,23.4247722187256
47.8399999999965,73.064513990025,23.4436630782102
48.3799999999974,73.6993759680159,23.4571563566893
48.9300000000003,74.3314030613306,23.4679508639381
49.4599999999991,75.2803107912828,23.4760466769858
50,75.898772628763,23.4868410045388
50.5400000000009,76.5248083989882,23.5577602103598
51.0899999999965,77.2032537271328,23.5003337696012
51.6200000000026,78.0857451037686,23.5084293516439
52.1599999999962,78.6331906107444,23.5111278661598
52.6999999999971,79.0967754903958,23.5192233712149
53.25,79.8176173207106,23.5874422275006
53.7900000000009,80.3185957224841,23.6009337970095
54.3209999999963,80.7306354538943,23.5408111024428
54.8609999999971,81.1218584496658,23.54890639582
55.4110000000001,81.6994738980183,23.603632091679
55.9409999999989,82.0749573606569,23.5462079711077
56.5109999999986,82.4425991825526,23.6144252062546
57.0509999999995,82.7998159594393,23.6117269372258
57.6109999999971,83.3381018783795,23.5408111024428
58.1619999999966,83.7054977256875,23.603632091679
58.7019999999975,84.101274472329,23.5462079711077
59.2520000000004,84.7452067247121,23.6198217250828
59.7520000000004,85.2183207373509,23.5623984231813
60.2819999999992,85.7326686277758,23.5623984231813
60.8220000000001,86.3088868984763,23.6306146858265
61.362000000001,86.9159289208133,23.5758902902257
61.9130000000005,87.8790632792326,23.6495021203905
62.4519999999975,88.5449799293042,23.6629929528403
62.9830000000002,89.1797178188027,23.6163649296415
63.523000000001,89.7858868356031,23.6872760476142
64.0429999999978,90.6161742302991,23.6899741372248
64.5729999999967,91.1007828056094,23.6190631876527
65.1129999999976,91.541471540178,23.6656911001082
65.6529999999984,91.9537270590301,23.6548984725929
66.2030000000013,92.5668063421549,23.6495021203905
66.752999999997,92.9788596967466,23.6333129099897
67.3029999999999,93.3908324937537,23.6090286617869
67.8229999999967,93.8336138701632,23.5874422275006
68.3629999999976,94.4590143950181,23.5273188185345
68.8929999999964,95.3106041775513,23.5874422275006
69.4340000000011,97.5319158468924,23.6225199748825
69.974000000002,102.506462821305,23.63870933909
70.5239999999976,108.734293476124,23.6468039346776
71.0639999999985,108.936334050987,23.6548984725929
71.6039999999994,108.754754008965,23.6602947991652
72.1390000000029,108.394113029504,23.6683892409692
72.6889999999985,107.639414446668,23.6791817403468
73.2169999999969,107.168572597589,23.6953702972294
73.7569999999978,106.707880598105,23.7169546810474
74.3070000000007,106.285504560773,23.7277467192526
74.8369999999995,105.711981477088,23.738538655001
75.377999999997,105.34577837808,23.749330488303
75.9179999999978,104.85912981952,23.7466325395814
76.4680000000008,104.205842755391,23.762820135879
77.0080000000016,103.3473331947,23.749330488303
77.5380000000005,102.916680760799,23.7439345844574
78.0780000000013,102.565436033986,23.7520284306222
78.6180000000022,102.260297820227,23.7412366229305
79.1679999999978,101.837141446569,23.7331426999333
79.6979999999967,101.56525516096,23.738538655001
80.2379999999976,101.277944623513,23.7277467192526
80.7679999999964,100.97776976454,23.738538655001
81.3179999999993,100.528717554774,23.7547263665392
81.8580000000002,100.225878638994,23.749330488303
82.3989999999976,99.9152988976396,23.7655180461888
82.9490000000005,99.4069863564976,23.7601222191676
83.4890000000014,99.0654802498319,23.7574242960545
84.0190000000002,98.7316274531108,23.7601222191676
84.5699999999997,98.4498002215851,23.7520284306222
85.1100000000006,97.8608088061242,23.7466325395814
85.6399999999994,97.5113584218419,23.738538655001
86.1900000000023,97.2319471419963,23.7250487193067
86.7300000000032,96.8148629123771,23.7169546810474
87.2699999999968,96.2878473554321,23.700766431613
87.8099999999977,95.9355760204602,23.6872760476142
88.3399999999965,95.5703879785327,23.6791817403468
88.8799999999974,95.2051384936269,23.6602947991652
89.4300000000003,94.6494292793475,23.6495021203905
89.9409999999989,94.2891706304452,23.6495021203905
90.4809999999998,93.9887544606424,23.6468039346776
91.0109999999986,93.6155128285811,23.6441057425567
91.5509999999995,93.1848561394166,23.6360111277442
92.0809999999983,92.7065874755147,23.6333129099897
92.6310000000012,92.3040800935936,23.6333129099897
93.2209999999977,91.9769140046963,23.6252182182729
93.7710000000006,91.4847800037821,23.6225199748825
94.2810000000027,91.1626395245007,23.6252182182729
94.8309999999983,90.897862705501,23.6225199748825
95.362000000001,90.5807866023132,23.6171234688735
95.9020000000019,90.0437762205915,23.6171234688735
96.4020000000019,89.7969081253234,23.6171234688735
96.9420000000027,89.5106141450955,23.603632091679
97.4919999999984,89.2216999467864,23.5928388745369
98.0219999999972,88.9198436628615,23.5874422275006
98.5720000000001,88.4682647029173,23.5820455548188
99.101999999999,88.1792007811499,23.5820455548188
99.6419999999998,87.8875135293479,23.5793472088607
100.192000000003,87.4511934998473,23.5739504977091
100.731999999996,87.1516519770234,23.5739504977091
101.262000000002,86.8623963624671,23.5766488564908
101.801999999996,86.5627653836296,23.5766488564908
102.343000000001,86.0848108964121,23.5712521325152
102.862999999998,85.8057347570565,23.5739504977091
103.402999999998,85.518864802624,23.5739504977091
103.942999999999,85.1821303175728,23.5766488564908
104.472999999998,84.9553389700386,23.5766488564908
104.976000000002,84.6812715592881,23.5712521325152
105.525999999998,84.2778559895771,23.5739504977091
106.065999999999,84.0373178305802,23.5685537609089
106.606999999996,83.8122708387941,23.5712521325152
107.152000000002,83.4785315246532,23.5739504977091
107.716999999997,83.2611813769383,23.5766488564908
108.256999999998,83.0463942362489,23.5685537609089
108.796999999999,82.8134649317427,23.5550618066906
109.337,82.4691944733224,23.5442681278807
109.881000000001,82.2103029633338,23.538871249994
110.421000000002,81.9358388998983,23.5989976117388
110.921000000002,81.6794634053007,23.528077417252
111.470999999998,81.3220326171199,23.530775885059
112.010999999999,81.1044323678796,23.5962993060588
112.561000000002,80.8790337275414,23.528077417252
113.101000000002,80.6251034736966,23.5936009939679
113.631000000001,80.2078563327934,23.5936009939679
114.180999999997,79.9953089227976,23.5989976117388
114.671999999999,79.7905143011382,23.5962993060588
115.171999999999,79.6090315321484,23.5253789430304
115.671999999999,79.4145656656429,23.5989976117388
116.171999999999,79.2045191899746,23.5936009939679
116.712,78.87773191855,23.5962993060588
117.252,78.6364939547096,23.5962993060588
117.792000000001,78.4107905523303,23.5989976117388
118.341999999997,78.1850588707412,23.5936009939679
118.872000000003,77.8710630584024,23.5909026754661
119.411999999997,77.6634323110927,23.5909026754661
119.962,77.4869272186174,23.5172834818762
120.491999999998,77.307808619068,23.5720142664332
121.033000000003,77.0118340652772,23.561220748779
121.572999999997,76.8326676201654,23.5288395801525
122.123,76.6534830687024,23.5045530975216
122.652999999998,76.4768776447922,23.4937589384341
123.203000000001,76.1807642181068,23.4964574878303
123.743000000002,75.9703375914668,23.4829646766826
124.303,75.7546891111541,23.477567507305
124.843000000001,75.5701976839261,23.4667730915395
125.383999999998,75.3025206178817,23.4532799274266
125.923999999999,75.1361763387333,23.4478826168513
126.474000000002,74.9854131246647,23.4424852805996
127.004000000001,74.834636851271,23.434389228077
127.544999999998,74.6162480167339,23.4316905310634
128.095000000001,74.4446374979568,23.434389228077
128.614999999998,74.2470043100246,23.4370879186708
129.165000000001,73.9765222510418,23.4316905310634
129.705000000002,73.8438665025469,23.4208956788078
130.254999999997,73.719004692814,23.4154982141575
130.805,73.6097431693033,23.4047032078052
131.324999999997,73.4432360469442,23.4101007238235
131.864999999998,73.3183450927372,23.402004440164
132.404999999999,73.1908428466442,23.3912093053814
132.964999999997,73.0633310934679,23.3939080987099
133.495000000003,72.8837575814538,23.3858116994574
134.025000000001,72.7666342330667,23.3939080987099
134.565999999999,72.6495028290687,23.3939080987099
135.086000000003,72.5349665461667,23.3993056661009
135.616000000002,72.4126124423033,23.402004440164
136.165999999997,72.1991224515834,23.4101007238235
136.695999999996,72.0481010884279,23.426293117776
137.216,71.8736285849406,23.439786602845
137.754000000001,71.6991380489206,23.4478826168513
138.284,71.4647193360724,23.455978573086
138.834000000003,71.3058169638991,23.4694717051074
139.364000000001,71.1521101974189,23.4748689129902
139.904000000002,71.0088115365522,23.4802660952024
140.444000000003,70.7873258358739,23.4802660952024
141.014000000003,70.6231469001992,23.4748689129902
141.553999999996,70.4615582007645,23.4829646766826
142.093999999997,70.3129870145816,23.5180456520243
142.633999999998,70.1226922466536,23.5450302799114
143.163999999997,70.0184118913384,23.5747126298162
143.684000000001,69.9245539648569,23.5989976117388
144.224000000002,69.8228685440392,23.6070924903159
144.764000000003,69.6455559409513,23.6124890439824
145.294999999998,69.4734402177476,23.5962993060588
145.845000000001,69.3117393920962,23.577410986787
146.385000000002,69.1656733890036,23.561220748779
146.934999999998,68.9569851633178,23.5450302799114
147.464999999997,68.7847974059621,23.5234426289181
148.004999999997,68.694195163949,23.5916683586622
148.565000000002,68.4064425387851,23.5916683586622
149.095000000001,68.352355992671,23.5315380461481
149.625,68.1715575098285,23.602461586928
150.165999999997,68.1357338287947,23.5889700355685
150.705999999998,67.9836251092586,23.5673832200022
151.245999999999,67.9086411137701,23.5565896583256
151.786,67.7833350029434,23.548494419732
152.305999999997,67.6050841873038,23.537700678485
152.836000000003,67.550970986385,23.4721703122575
153.375999999997,67.3734119744304,23.4694717051074
153.915999999997,67.2846251596247,23.5323037693775
154.466,67.140271626993,23.5242083576085
154.995999999999,67.1253189369302,23.5215098741891
155.536,67.0077878719621,23.5215098741891
156.076000000001,66.93726511944,23.455978573086
156.587,66.7954927230325,23.5188113843551
157.127,66.757026272664,23.5053188389548
157.667000000001,66.6002804177218,23.4810318530229
158.216999999997,66.5088382699075,23.4675388584654
158.756999999998,66.3964879232713,23.4432510639179
159.286999999997,66.2658380796219,23.4270589120244
159.826999999997,66.0515492409333,23.4135652755589
160.366999999998,65.9208712089198,23.4027702508103
160.887000000002,65.8006379658218,23.3865775210379
161.417000000001,65.6908518650107,23.3757822394093
161.957000000002,65.5810581929412,23.359589124272
162.497000000003,65.4032809347352,23.3487935857035
163.027999999998,65.303926151742,23.3460946850004
163.557999999997,65.2202541395603,23.3406968643201
164.087999999996,65.1235028691578,23.3379979443425
164.627999999997,65.000594082645,23.3406968643201
165.148000000001,64.9404437501193,23.3406968643201
165.688000000002,64.8750603581856,23.3433957778727
166.218000000001,64.8070587603721,23.3460946850004
166.758000000002,64.733822995244,23.3460946850004
167.307999999997,64.6239629735624,23.3460946850004
167.837999999996,64.5428709039339,23.3406968643201
168.358,64.4591585821212,23.3460946850004
168.898000000001,64.3806742368674,23.3541913678364
169.419000000002,64.2760223504544,23.3541913678364
169.968999999997,64.2053783872938,23.359589124272
170.508999999998,64.1425810854024,23.3649868550122
171.048999999999,64.0771645572644,23.3649868550122
171.578999999998,63.9541740966354,23.3703845600574
172.129000000001,63.8704303864764,23.3730834029449
172.669000000002,63.7997681466355,23.3676857107465
173.209000000003,63.7003121794158,23.3730834029449
173.758999999998,63.509234270089,23.3730834029449
174.298999999999,63.4307023199015,23.3757822394093
174.828999999998,63.3364587582089,23.3649868550122
175.370000000003,63.2291188684158,23.3326000851114
175.919999999998,63.0772595487334,23.3110083911583
176.449999999997,62.9699017682975,23.2948143507785
176.989999999998,62.8782490095288,23.2813191403725
177.529999999999,62.8049229040925,23.2840181953096
178.089999999997,62.6373073499749,23.3360684348791
178.640999999996,62.5351577233782,23.2732219369905
179.150999999998,62.4251428873156,23.2678237692593
179.720999999998,62.2941626291499,23.2651246757501
180.281000000003,62.2312881571216,23.2678237692593
180.811000000002,62.1736509727649,23.2597264694439
181.351000000002,62.1081515563482,23.3252726723407
181.890999999996,62.0216880622812,23.3225737156419
182.402000000002,61.9692835813178,23.3252726723407
182.932000000001,61.9063958480949,23.3279716226139
183.472000000002,61.8487465000644,23.3198747525171
184.002,61.788474415095,23.2543282374199
184.561999999998,61.6967514869466,23.3198747525171
185.112000000001,61.6259900544925,23.3225737156419
185.661999999997,61.5447414210515,23.3252726723407
186.192000000003,61.403201255834,23.3252726723407
186.741999999998,61.3062124767301,23.3279716226139
187.281999999999,61.2065959770832,23.3333695038829
187.811999999998,61.1331901906004,23.3306705664612
188.353000000003,61.028318659678,23.3306705664612
188.883000000002,60.9601482992644,23.3387673594502
189.432999999997,60.9050853985746,23.3387673594502
189.972999999998,60.8526426911549,23.3387673594502
190.512999999999,60.7031710663082,23.3360684348791
191.063000000002,60.5825341343157,23.3225737156419
191.593000000001,60.5386724763253,23.3252726723407
192.133000000002,60.3622158843961,23.3279716226139
192.673000000003,60.1890862358557,23.3198747525171
193.222999999998,60.036925658117,23.3171757829662
193.752999999997,59.9405739703783,23.2955837951986
194.303,59.7437793422549,23.2955837951986
194.832999999999,59.5751031814134,23.2901857339849
195.383999999998,59.4858711700237,23.2982828161645
195.923999999999,59.4150066858612,23.3009818307027
196.453999999998,59.4393530574118,23.3009818307027
197.004000000001,59.3763606214928,23.3090788357547
197.514000000003,59.2575180952646,23.314476806989
198.044000000002,59.1787676077499,23.3198747525171
198.584000000003,59.0947625326476,23.3171757829662
199.133999999998,58.9398658353774,23.3252726723407
199.654999999999,58.9012075312756,23.3252726723407
200.205000000002,58.7455659678213,23.3279716226139
200.745000000003,58.7200321465738,23.3333695038829
201.284999999996,58.6176189553887,23.3387673594502
201.834999999999,58.5624704820062,23.3387673594502
202.364999999998,58.5151987401669,23.3387673594502
202.894999999997,58.488936014215,23.3387673594502
203.445,58.4705518309231,23.3441651893173
203.995000000003,58.4495410582334,23.3441651893173
204.536,58.4337827844304,23.3468640946135
205.065999999999,58.4075186246121,23.352261885932
205.606,58.373374524958,23.3468640946135
206.125999999997,58.3471093005371,23.352261885932
206.656000000003,58.3103372083555,23.354960771955
207.178,58.2945774623489,23.352261885932
207.707999999999,58.2472972234486,23.3630573914783
208.267999999996,58.1579860072185,23.3630573914783
208.788999999997,58.1054474925791,23.3657562518051
209.328999999998,58.0423988238913,23.3630573914783
209.868999999999,57.9557025354025,23.3603585247278
210.419000000002,57.8952748556937,23.3657562518051
210.949000000001,57.8400996076412,23.3711539531882
211.489000000001,57.7875498439827,23.3684551057085
212.029000000002,57.7113493775576,23.3684551057085
212.578999999998,57.645656174452,23.3684551057085
213.118999999999,57.5878437446132,23.3468640946135
213.648999999998,57.5221450599739,23.3414662775964
214.188999999998,57.398623630351,23.3414662775964
214.709999999999,57.3329165351848,23.3333695038829
215.239999999998,57.2698349728711,23.3306705664612
215.779999999999,57.2067507140044,23.3333695038829
216.32,57.122634171242,23.3279716226139
216.870000000003,56.9780476439112,23.3252726723407
217.400000000001,56.8702557206615,23.3171757829662
217.940000000002,56.7519384165835,23.2955837951986
218.480000000003,56.6257227881092,23.24700031857
219.010000000002,56.4731977510481,23.2038132570244
219.559999999998,56.3864091800637,23.1876176844264
220.099999999999,56.3075060157102,23.1849183998104
220.639999999999,56.2285985969597,23.1984147585571
221.161,56.0944462116933,23.2639680675559
221.701000000001,56.0155272892156,23.2774634845872
222.231,55.9734354527599,23.2801625487073
222.771000000001,55.9392349416102,23.2801625487073
223.320999999996,55.8945099863412,23.2774634845872
223.881000000001,55.8550456513173,23.269366253655
224.421000000002,55.8208423633959,23.2092117297613
224.961000000003,55.7708514984359,23.2612689648625
225.510999999999,55.7077026902319,23.2639680675559
226.042000000001,55.649813876401,23.1849183998104
226.582000000002,55.6129743412951,23.2450742136792
227.122000000003,55.5656078537588,23.231578410861
227.671999999999,55.5129766134152,23.231578410861
228.201999999997,55.4392896746839,23.2018870787019
228.762000000002,55.3445438312651,23.1344038833083
229.311999999998,55.1681948157879,23.1020105207711
229.841999999997,55.0944903627129,23.085813491853
230.381999999998,55.0234146587789,23.0804144307018
230.911999999997,54.9523354641795,23.0831139644969
231.421999999999,54.8285966801092,23.0642170926971
231.972000000002,54.7364438932296,23.0534187385555
232.512999999999,54.6785162738086,23.04531990532
233.053,54.6047868491942,23.0372210141116
233.603000000003,54.491552177663,23.0345213708253
234.142999999996,54.4309811422164,23.0264224023137
234.673000000003,54.349337888704,23.0210230577608
235.212999999996,54.2703238777463,23.0156236874369
235.733,54.1781353770094,23.0156236874369
236.262999999999,54.1386242090716,23.0156236874369
236.803,54.1201852920971,23.0129239926102
237.343000000001,54.1096486618201,22.9940259484065
237.864000000001,54.0859409610079,22.9913262020302
238.404000000002,54.0893058060009,22.9778273734792
238.944000000003,54.0550607383696,22.9832269242339
239.474000000002,53.933148605265,22.9778273734792
239.993999999999,53.9286103315712,22.9778273734792
240.534,53.7784359863423,22.9832269242339
241.063999999998,53.7020254509338,22.9832269242339
241.603999999999,53.5721778212907,22.9859266899442
242.133999999998,53.4931209663036,22.9859266899442
242.684999999998,53.356078717129,22.9778273734792
243.224999999999,53.2875526571659,22.9724277969439
243.784999999996,53.2935550525627,22.9697279990079
244.334999999999,53.195300837102,22.9643283837994
244.875,53.1854884902704,22.9589287428072
245.425000000003,53.0635021596835,22.9562289126417
245.955000000002,53.0985021326048,22.9670281946265
246.495999999999,53.0774137304755,22.9643283837994
247.036,53.0563250159124,22.9427296651168
247.576000000001,52.9738720878685,22.9400297962708
248.125999999997,53.0009656532045,22.9400297962708
248.686000000002,52.9587856451051,22.9130307531895
249.235999999997,52.9350588407381,22.9103308134154
249.777000000002,52.9297861637736,22.9049309145209
250.307000000001,52.9192407511763,22.9049309145209
250.847000000002,52.9007860908841,22.9103308134154
251.398000000001,52.8902404631328,22.9157306865145
251.938000000002,52.8665125145675,22.918430613391
252.468000000001,52.8164188773315,22.9130307531895
253.008000000002,52.6951322262522,22.9049309145209
253.527999999998,52.6292112198759,22.8806310502418
254.057999999997,52.5685611873574,22.8563306634675
254.597999999998,52.4841742154712,22.8293296207813
255.137999999999,52.3786834290595,22.8239293348077
255.688999999998,52.3338474637156,22.8104285069315
256.228999999999,52.2890100771442,22.8185290230195
256.769,52.2599968929114,22.8455303238243
257.298999999999,52.1993310378066,22.8779310330712
257.828999999998,52.1729537666537,22.8914310544206
258.379000000001,52.1386625777673,22.8941310393399
258.919000000002,52.1201977465573,22.9130307531895
259.468999999997,52.0885431883696,22.9265303553301
260.008999999998,52.0595258864375,22.9454295275154
260.540000000001,52.0331460032892,22.9589287428072
261.080000000002,52.0120417416499,22.9670281946265
261.620000000003,51.9803847571682,22.9832269242339
262.150000000001,51.9645559984573,22.9886264492095
262.699999999997,51.9381743390736,22.9913262020302
263.25,51.914430423524,23.004824869471
263.790000000001,51.8511113596556,23.0075245836275
264.330000000002,51.8141739248302,23.0595946514381
264.870000000003,51.7851509749716,22.9994254218268
265.400000000001,51.7561274268443,22.9967256883385
265.919999999998,51.7112716753103,23.0595946514381
266.459999999999,51.6796079309674,22.9913262020302
266.989999999998,51.6373884964513,22.9859266899442
267.540999999997,51.5819735648891,22.9832269242339
268.080999999998,51.4711371461119,22.9751275884342
268.620999999999,51.3946021325361,22.9724277969439
269.140999999996,51.3233416435224,23.0271991474846
269.692000000003,51.2415195796898,23.0244994802831
270.182000000001,51.1517737587208,22.95352907603
270.731999999996,51.040903333043,22.948129383467
271.271999999997,51.0092244552675,23.0137007470497
271.811999999998,50.9828248424287,22.9238304477986
272.332000000002,50.9590647647943,22.9022309553999
272.862000000001,50.9326642049936,22.8995309898296
273.402999999998,50.9194637381313,22.9516060300608
273.942999999999,50.8851419408256,22.9462063283138
274.462999999996,50.8244166956867,22.9435064677701
275.002999999997,50.753127169201,22.8752310094498
275.542999999998,50.6290218988838,22.9165075077195
276.082999999999,50.576207795864,22.9219073513135
276.612999999998,50.5154691032027,22.9165075077195
277.163,50.4415227722999,22.8563306634675
277.703999999998,50.364931360314,22.9165075077195
278.233999999997,50.2830531192389,22.9138075762499
278.773999999998,50.2038115206588,22.9084076939643
279.313999999998,50.1192821674209,22.905707743148
279.864000000001,50.0109714121243,22.9003078221676
280.394,49.9634176779138,22.8895079028125
280.934000000001,49.9502080179183,22.8814078955707
281.483999999997,49.9581338290163,22.878707880256
282.023999999998,49.9369982320743,22.8544074521252
282.553999999996,49.8973681192905,22.8436070940987
283.093999999997,49.8788736788723,22.840906988461
283.644999999997,49.8286732390781,22.8490072860168
284.175000000003,49.7916822771692,22.8436070940987
284.714999999997,49.7599749518972,22.840906988461
285.254999999997,49.7229821545229,22.8355067578271
285.775000000001,49.6648486178028,22.840906988461
286.305,49.6119978279609,22.8382068763705
286.845000000001,49.5697157415843,22.8247062191209
287.385000000002,49.5274323617401,22.8004046294775
287.934999999998,49.4745763171857,22.7896037551454
288.464999999997,49.3979314591058,22.7680016966009
289.004999999997,49.3635720377992,22.7680016966009
289.546000000002,49.3424273532816,22.7761025169773
290.095999999998,49.3371411315171,22.7680016966009
290.635999999999,49.3397842449313,22.7653014102288
291.165999999997,49.3318548894964,22.7680016966009
291.716,49.3186391958169,22.7680016966009
292.275999999998,49.3133528828915,22.7923039834115
292.815999999999,49.3186391958169,22.8058050279131
293.356999999996,49.3159960418867,22.813905577156
293.896999999997,49.3027801962568,22.8166057473282
294.447,49.2684184048883,22.813905577156
294.976999999999,49.2314124410483,22.8004046294775
295.517999999996,49.2314124410483,22.7977044205774
296.057999999997,49.2314124410483,22.8031048319229
296.608,49.2446289707447,22.8058050279131
297.148000000001,49.2446289707447,22.8058050279131
297.678,49.2419856749431,22.813905577156
298.218000000001,49.2340557571256,22.813905577156
298.758000000002,49.274441529516,22.8193059110465
299.298000000003,49.1970488706955,22.8274063634775
299.837999999996,49.1785450547892,22.8301065013806
300.381000000001,49.1573975322975,22.8274063634775
300.900999999998,49.1230321157702,22.8301065013806
301.432000000001,49.0992401711931,22.8301065013806
301.972000000002,49.0780914308655,22.8274063634775
302.512000000002,49.0542987096194,22.813905577156
303.031999999999,48.9934932197437,22.7328974700751
303.582000000002,49.00480506426,22.7085939046188
304.101999999999,48.9202023461608,22.6923912369487
304.631999999998,48.7713981501275,22.6842898158916
305.171999999999,48.7642024319947,22.6815893292831
305.712,48.6848736452577,22.6788888362131
306.262000000002,48.5942251385573,22.6734878306872
306.792999999998,48.6214073137176,22.6896907697243
307.313000000002,48.576450218542,22.6950916977121
307.843999999997,48.5076894563028,22.7031930412377
308.383999999998,48.4574390247514,22.7004925998563
308.923999999999,48.3728025508802,22.7058934761584
309.445,48.2054219795677,22.6950916977121
309.980000000003,48.1188617065664,22.6788888362131
310.531000000003,48.0315586404518,22.6788888362131
311.061000000002,47.9707077464704,22.6680867993132
311.580999999998,47.8747200271422,22.6491829859308
312.112999999998,47.920437569272,22.6518835500888
312.642999999996,47.8833952001783,22.6653862739327
313.182999999997,47.7900474353228,22.6761883366813
313.722999999998,47.8304757837847,22.7004925998563
314.262999999999,47.8278297590204,22.7328974700751
314.803,47.8251837291173,22.7328974700751
315.353000000003,47.8119535025201,22.7193955538609
315.894,47.8013692287348,22.7139947421594
316.434000000001,47.7696159139192,22.7220959500222
316.964,47.6955219664209,22.7112943266191
317.514000000003,47.637302463722,22.7085939046188
318.034,47.5843734809654,22.7112943266191
318.584000000003,47.5261492203064,22.7085939046188
319.123999999996,47.43351457352,22.7031930412377
319.663999999997,47.3216069646947,22.7085939046188
320.214,47.3488145099657,22.7112943266191
320.743999999999,47.3408736080529,22.724796339724
321.284,47.3514614669452,22.724796339724
321.824000000001,47.3620492432428,22.7328974700751
322.343999999997,47.3726369369537,22.7463992248196
322.883999999998,47.3726369369537,22.7572005123696
323.415000000001,47.3726369369537,22.7707019765162
323.955000000002,47.3488145099657,22.7707019765162
324.504999999997,47.3144035994138,22.7734022499749
325.044999999998,47.2826389073848,22.7463992248196
325.574999999997,47.2588149002262,22.7328974700751
326.114999999998,47.2561677624876,22.724796339724
326.635999999999,47.2349904745582,22.7193955538609
327.186000000002,47.2244017065664,22.7220959500222
327.745999999999,47.1926349063824,22.7085939046188
328.286,47.1846930900185,22.7058934761584
328.805999999997,47.1661620041972,22.7112943266191
329.356,47.1264516812434,22.7004925998563
329.896000000001,47.0867401942829,22.6761883366813
330.436000000002,47.0735027732177,22.6518835500888
330.985999999997,47.054970166331,22.6491829859308
331.515999999996,47.0390848728158,22.6491829859308
332.055999999997,47.0205517947938,22.6518835500888
332.606,47.0046660973817,22.6491829859308
333.156999999999,46.9781895206602,22.6545841077835
333.707000000002,46.9490646878866,22.6869902960385
334.247000000003,46.9384736841491,22.7004925998563
334.786999999997,46.9331781511843,22.7112943266191
335.337,46.904052349268,22.7193955538609
335.877,46.8590385123503,22.724796339724
336.417000000001,46.8325590845932,22.7355978339409
336.947,46.8113751688588,22.7409985422968
337.506999999998,46.7901909210259,22.7409985422968
338.057000000001,46.7531176880029,22.7572005123696
338.597999999998,46.737228848069,22.7572005123696
339.118000000002,46.7292843580021,22.7653014102288
339.637999999999,46.71339523765,22.778802777523
340.158000000003,46.6922094529828,22.7734022499749
340.697999999997,46.6842646980193,22.778802777523
341.237999999998,46.6524852105454,22.7842032792459
341.767999999996,46.6207049747101,22.7950042052221
342.317999999999,46.5597907634188,22.7950042052221
342.858,46.5147654474965,22.8247062191209
343.398000000001,46.4750359786692,22.8355067578271
343.917999999998,46.4511977351747,22.8355067578271
344.447999999997,46.4141151847109,22.8355067578271
344.987999999998,46.3558405425699,22.8301065013806
345.529000000002,46.3134574003577,22.8328066328306
346.099000000002,46.2525292948708,22.8436070940987
346.639000000003,46.165105887908,22.8571075255013
347.178999999996,46.1200673686103,22.8679077544888
347.718999999997,46.0803262450173,22.9334873270947
348.269,46.0644294663981,22.8652077069193
348.809000000001,46.0352848835829,22.8598075924255
349.349000000002,46.0140884260539,22.8571075255013
349.879000000001,45.9955412512053,22.8355067578271
350.43,45.9743441661623,22.8220060683106
350.959999999999,45.9557964421346,22.7923039834115
351.5,45.9398981889323,22.8389873075949
352.040000000001,45.9319489916936,22.7626011173997
352.580000000002,45.9028015321896,22.7599008181131
353.122000000003,45.8445047129233,22.8173861934749
353.652000000002,45.7968054299773,22.7545002001686
354.192000000003,45.7544046421875,22.7545002001686
354.747000000003,45.7173028521099,22.7517998815101
355.286999999997,45.6987515716843,22.7382981913481
355.817000000003,45.6961013677891,22.7274967229667
356.368000000002,45.6934511586492,22.793084446349
356.902999999998,45.6748995478057,22.787683987093
357.432999999997,45.6377955549421,22.7660818918273
357.991000000002,45.619243172831,22.6626857420897
358.521999999997,45.5847880665609,22.6518835500888
359.061999999998,45.5503320729894,22.643781838224
359.612000000001,45.4814174227758,22.6356800681858
360.142,45.4443080628127,22.6221769888359
360.682000000001,45.4284037359807,22.6086737478623
361.222000000002,45.4178007462651,22.6086737478623
361.752,45.4071976724105,22.6032724062141
362.292000000001,45.388642090681,22.5816667809687
362.832000000002,45.3435774618936,22.6256581963397
363.383000000002,45.2560947227764,22.543855940794
363.911999999997,45.2030720897981,22.6067536720567
364.453000000001,45.1580011945686,22.533052610724
364.993000000002,45.1314881916185,22.5168474215188
365.542999999998,45.102323279333,22.5168474215188
366.082999999999,45.0917176984581,22.5770459223339
366.623,45.0864148763708,22.5249500452379
367.173000000003,45.0758091688919,22.5851481134958
367.733999999997,45.0413400365615,22.574345179012
368.273999999998,45.0227793651266,22.5608413653848
368.824000000001,45.0095215843211,22.487137302931
369.373999999996,45.0068700123231,22.4763334292809
369.873999999996,44.9989152646524,22.4709314536179
370.404000000002,44.9936120731405,22.5122262972409
370.934000000001,44.9723990958837,22.4304158107084
371.474000000002,44.959140813469,22.4250136149123
371.964,44.9564891411416,22.4798150870727
372.493999999999,44.9538374635324,22.4528050332601
373.034,44.9458823990123,22.3601852445255
373.574000000001,44.9220169201902,22.2980545540698
374.074000000001,44.8689809904339,22.3285504443887
374.605000000003,44.815942946188,22.315043684711
375.144999999997,44.7416861298707,22.3015367629817
375.675000000003,44.6780341276831,22.2961339489114
376.235000000001,44.614379075099,22.285328242972
376.764999999999,44.5586784003591,22.288029679182
377.294999999998,44.479101951664,22.285328242972
377.834999999999,44.4525754077752,22.274522433293
378.364999999998,44.4340065112841,22.2691194895483
378.915000000001,44.4127845968051,22.2637165198651
379.425999999999,44.3836039095725,22.2610150252962
379.966,44.3676869002501,22.1980979855443
380.515999999996,44.3438110277345,22.2556120167027
381.046000000002,44.3172817757883,22.1980979855443
381.587,44.2987109832512,22.2583135242419
382.127,44.2695277830686,22.2664180079491
382.676999999996,44.2456501408148,22.2637165198651
383.207000000002,44.2058531131744,22.2691194895483
383.747000000003,44.1395220737447,22.2664180079491
384.296999999999,44.1023752386305,22.2035012703343
384.807000000001,44.0652273598491,22.1980979855443
385.347000000002,44.0254249025866,22.2691194895483
385.877,44.0015428527567,22.2691194895483
386.417999999998,43.9590848092348,22.2691194895483
386.942000000003,43.940508985995,22.2691194895483
387.491999999998,43.9325478389001,22.277223895439
388.044000000002,43.9166254007043,22.2826268002783
388.563999999998,43.9033565555186,22.288029679182
389.114000000001,43.8900875769606,22.3015367629817
389.654999999999,43.887433765243,22.3096409354666
390.195,43.8847799481897,22.3015367629817
390.745000000003,43.8555876084091,22.2934325321517
391.275000000001,43.8449720520161,22.285328242972
391.815000000002,43.8317024864225,22.2799253511007
392.355000000003,43.8210867378556,22.274522433293
392.904999999999,43.8131248703708,22.2718209646629
393.434999999998,43.8025089723054,22.2718209646629
393.974999999999,43.7918929888001,22.2799253511007
394.525000000001,43.7733148120513,22.2664180079491
395.084999999999,43.7494282002122,22.2556120167027